{
  "layout": {
    "definition": [
      {
        "type": "column",
        "isClosable": true,
        "reorderEnabled": true,
        "title": "",
        "width": 100,
        "content": [
          {
            "type": "stack",
            "isClosable": true,
            "reorderEnabled": true,
            "title": "",
            "activeItemIndex": 0,
            "height": 18.81533101045296,
            "content": [
              {
                "type": "component",
                "isClosable": true,
                "componentName": "jimu grid",
                "componentState": {
                  "id": "4761573618260133-1"
                },
                "reorderEnabled": true,
                "title": "jimu grid",
                "id": "4761573618260133-1"
              }
            ]
          },
          {
            "type": "stack",
            "isClosable": true,
            "reorderEnabled": true,
            "title": "",
            "activeItemIndex": 0,
            "height": 81.18466898954703,
            "content": [
              {
                "type": "component",
                "isClosable": true,
                "componentName": "jimu grid",
                "componentState": {
                  "id": "4761573618260133-2"
                },
                "reorderEnabled": true,
                "title": "jimu grid",
                "id": "4761573618260133-2"
              }
            ]
          }
        ]
      }
    ]
  },
  "dijits": [
    {
      "id": "4761573618260133-1",
      "type": "text",
      "visible": true,
      "config": {
        "background": {
          "backgroundColor": "#222222",
          "alignment": {
            "horizontal": "center",
            "vertical": "middle"
          },
          "link": ""
        },
        "font": {
          "font": {
            "fontFamily": "Arial",
            "bold": false,
            "italic": false,
            "underline": false
          },
          "fontSize": 16,
          "textColor": "#fff"
        },
        "text": "DAILY CASUALTY "
      }
    },
    {
      "id": "4761573618260133-2",
      "type": "chart",
      "visible": true,
      "config": {
        "mode": "category",
        "type": "column",
        "categoryField": "DATEREPORTED",
        "operation": "average",
        "valueFields": [
          "DEAD",
          "MISSING",
          "Number_of_survivors"
        ],
        "sortOrder": "asc",
        "backgroundColor": "#222222",
        "colors": [
          "#5d9cd3",
          "#eb7b3a",
          "#a5a5a5",
          "#febf29",
          "#4673c2",
          "#72ad4c"
        ],
        "showLegend": false,
        "legendTextColor": "#ffffff",
        "showHorizontalAxis": true,
        "horizontalAxisTextColor": "#ffffff",
        "showVerticalAxis": true,
        "verticalAxisTextColor": "#ffffff"
      }
    },
    {
      "id": "4761573618260133-3",
      "type": "text",
      "visible": false,
      "config": {
        "background": {
          "backgroundColor": "#222222",
          "alignment": {
            "horizontal": "center",
            "vertical": "top"
          },
          "link": ""
        },
        "font": {
          "font": {
            "fontFamily": "Arial",
            "bold": false,
            "italic": false,
            "underline": false
          },
          "fontSize": 14,
          "textColor": "#fff"
        },
        "text": "Description: additional infomation about this infographic."
      }
    }
  ],
  "wid": "4761573618260133",
  "dataSource": {
    "dataSourceType": "DATA_SOURCE_FEATURE_LAYER_FROM_MAP",
    "name": "Missing Migrants - Incident Reports",
    "layerId": "Missing Migrants - Incident Reports_880",
    "useSelection": true,
    "filterByExtent": false
  }
}